Points in r1,Points in r2,Points in r3,Points in r4,Points in r5,Points in r6,Points in r7,Distance from closest point,Population ,Average Age,Average Household Income ,Activity
0,0,1,1,1,3,12,1.9589806,9005,31,105797,0
3,10,17,34,62,126,226,0.009,34221,28,182927.31,1
0,2,10,20,42,84,143,11.7183617,8779,39,102729.61,1
0,0,0,0,0,3,11,7.5815086,8924,42,125739.63,0
0,0,7,11,17,27,139,1.4470516,18614,30,169443.96,1
0,0,0,1,1,2,15,4.2544095,13117,41,90426.02,0
1,3,6,14,33,61,143,4.9621768,8924,42,125739.63,1
0,0,0,0,0,1,7,9.1920401,12356,37,101759,0
0,0,0,0,1,1,12,6.4536811,12360,42,95556,0
0,0,0,0,0,1,3,7.5286121,6513,35,102979.26,0
1,3,4,9,24,70,154,4.23384,12360,42,95556,1
0,4,8,19,41,90,120,9.9830963,9450,38,96353.24,1
0,0,0,0,2,2,23,6.114069,32144,31,167577.18,0
0,2,7,15,30,59,121,5.4711538,11311,34,124159,1
0,0,0,0,0,4,36,9.6604252,29708,32,152263,0
0,1,2,9,18,34,113,10.1833197,27338,33,137513.32,1
2,2,2,8,49,84,222,0.061327,18614,30,169443.96,1
3,3,5,5,6,19,63,0.0963172,34221,28,182927.31,1
0,0,0,0,1,4,26,6.6049896,9809,40,146348,0
0,1,3,10,16,25,201,0.9888503,32144,30,169577.18,1
0,0,0,1,2,7,31,3.616154,8748,32,158305,0
0,1,7,15,31,67,122,9.4320616,11311,34,124159,1
0,0,0,8,26,45,76,9.4540996,32393,30,142538.14,1
0,0,0,0,0,0,2,10.3947102,7492,41,87300,0
0,0,0,2,2,2,4,2.4225813,17870,41,143598.91,0
0,2,20,36,62,92,224,0.7841479,18614,30,169443.96,1
2,2,27,68,98,146,243,0.1718197,34221,28,182927.31,1
9,9,26,72,106,147,237,0.0130384,34221,28,182927.31,1
0,2,9,16,41,84,236,1.2222766,34221,28,182927.31,1
7,18,22,42,57,94,231,0.0264764,36981,31,164856,1
0,0,1,7,11,21,169,2.5862734,32144,30,169577.18,1
0,0,1,14,22,61,183,3.6968097,34221,28,182927.31,1
1,3,9,18,58,162,234,11.7183617,9450,38,96353.24,1
0,0,5,9,18,42,132,6.0240041,12210,31,131646.75,1
1,5,8,15,21,30,192,0.0376563,32144,30,169577.18,1
5,7,15,32,45,126,224,0.0296142,34221,28,182927.31,1
0,3,9,24,36,87,176,3.0899858,7820,32,103761.97,1
0,0,2,6,17,35,112,5.0159908,16734,38,150821.66,1
0,0,0,0,0,1,5,7.119691,27338,37,136748,0
0,3,9,18,29,59,114,9.047099,3673,41,125552,1
1,2,6,17,34,61,125,0.0842057,11258,38,116987,1
0,7,14,80,115,143,227,0.6352903,34221,28,182927.31,1
1,3,14,32,45,105,225,0.1546254,34221,28,182927.31,1
0,0,0,0,0,1,2,9.3214806,5023,39,111509.65,0
0,0,0,0,1,2,11,6.6910388,11311,34,124159,0
0,0,3,11,52,117,230,12.5781557,17870,41,143598.91,1
0,0,1,1,3,4,6,1.9100812,12356,37,101759,0
0,1,2,6,12,48,169,10.1530794,27338,37,136748,1
3,3,3,4,4,24,77,0.0490102,6232,39,128184,1
0,1,3,15,20,68,192,1.3691446,18614,30,169443.96,1
0,0,0,0,0,0,7,10.0957219,12356,37,101759,0
0,0,0,1,1,1,3,4.7423623,5023,39,111509.65,0
0,0,0,1,1,2,7,2.9966648,5023,39,111509.65,0
0,0,0,0,0,1,3,7.2111026,16871,35,144796,0
0,0,0,1,1,5,9,4.7169906,11258,38,116987,0
5,5,8,10,24,44,165,0.0590339,32393,30,142538.14,1
0,0,0,0,6,10,27,5.3666385,11311,34,124159,0
2,15,18,49,73,126,212,0.2825119,34221,28,182927.31,1
0,4,7,23,61,145,265,5.6097041,13117,41,90426.02,1
0,2,5,10,20,60,187,8.4239932,20434,39,126866,1
1,3,7,24,61,89,237,0.2687043,36981,31,164856,1
3,3,3,4,4,23,177,0.0594138,6232,39,128184,1
0,0,0,1,3,12,40,3.1382495,34221,28,182927.31,0
0,0,2,4,11,29,93,11.9,15069,44,100927.19,1
0,0,0,2,2,4,10,3.9051248,11258,38,116987,0
0,0,0,0,0,0,4,13.4479684,5023,39,111509.65,0
0,1,4,14,25,51,116,10.3,5023,39,111509.65,1
2,2,18,55,64,102,237,0.1140175,18614,30,169443.96,1
0,0,0,0,0,1,1,9.6540147,7769,42,106839.01,0
7,18,22,42,57,94,231,0.0264764,36981,31,164856,1
0,5,12,26,56,104,220,11.3547347,16871,35,144796,1
0,0,0,0,0,1,17,8.3050491,8748,32,158305,0
1,2,5,22,55,100,204,0,12210,31,131646.75,1
1,1,8,37,76,126,217,0,34221,28,182927.31,1
0,0,0,1,2,3,9,4.9335586,16734,38,150821.66,0
0,0,0,1,3,6,21,3.3819043,26977,23,148577.18,0
0,0,0,0,1,1,3,5.2611786,11251,41,106476,0
0,0,1,2,4,7,33,1.3403619,29708,32,152263,0
0,0,0,0,0,2,7,9.5015788,32393,30,142538.14,0
0,1,4,16,45,90,180,1.0215844,12346,41,117432,1
0,0,0,0,1,2,7,6.4725652,11258,38,116987,0
15,16,19,59,75,131,213,0.0396989,34221,28,182927.31,1
0,2,6,18,36,65,126,7.5076237,9546,34,147858.21,1
0,0,0,1,1,1,3,3.2202484,27338,33,137513.32,0
0,0,0,0,0,2,4,8.7171612,7769,42,106839.01,0
0,0,3,8,20,26,76,1.3857886,32144,30,169577.18,0
0,0,0,0,0,1,3,8.5802098,35035,40,108496.35,0
0,0,0,0,0,1,14,9.8488578,11345,31,130480.48,0
0,1,4,7,19,54,124,0.9165054,4149,34,115810.76,1
5,5,8,10,25,44,166,0.058,32393,30,142538.14,1
0,0,0,0,0,2,35,8.9972173,32393,30,142538.14,0
15,16,25,59,74,132,214,0.0374833,34221,28,182927.31,1
0,0,0,0,0,0,2,14.1826794,39305,37,138248,0
0,0,0,0,0,1,35,8.9442719,32393,30,142538.14,0
0,2,7,15,28,49,122,4.5157843,11258,38,116987,1
0,2,5,9,21,42,148,1.8008093,26977,23,148577.18,1
0,0,0,1,1,2,18,4.0311289,11311,34,124159,0
0,0,0,0,2,2,3,6.0638272,6232,39,128184,0
0,1,5,9,34,65,127,1.0251932,26977,23,148577.18,1
0,1,1,6,11,22,133,0.8123733,32144,30,169577.18,1
0,0,0,0,0,0,9,10.6775465,15069,44,100927.19,0
1,5,15,56,105,168,245,1.5957028,34221,28,182927.31,1
1,1,6,13,24,65,178,0.0151327,8283,36,117590.58,1
6,7,9,47,77,157,245,0.032,18614,30,169443.96,1
0,2,5,5,6,28,95,1.4097805,34221,28,182927.31,1
0,0,0,1,4,10,68,4.779336,32393,30,142538.14,1
0,0,2,8,17,54,118,6.8067494,9005,31,105797,1
2,2,7,24,63,114,240,0.4012107,36981,31,164856,1
0,2,5,11,42,101,189,12.6905477,11251,41,106476,1
0,2,7,14,27,61,136,11.3681541,6232,39,128184,1
0,0,0,6,6,6,12,2.5094549,16734,38,150821.66,0
0,1,0,4,9,12,185,0.562466,12210,31,131646.75,1
0,0,0,0,0,0,4,14.3125819,13117,41,90426.02,0
0,0,0,0,0,1,5,7.9429214,7394,38,87500,0
1,1,12,27,45,105,265,0.0178045,17870,41,143598.91,1
2,4,18,40,72,123,212,0.1024207,34221,28,182927.31,1
2,2,2,10,55,77,186,0.1103857,18614,30,169443.96,1
0,0,0,1,1,3,8,4.6216224,11311,34,124159,0
0,2,5,14,24,63,168,10.1530794,27338,37,136748,1
0,0,0,1,1,3,7,4.8764741,7820,32,103761.97,0
0,0,0,1,2,2,4,3.1575954,23639,42,90300,0
9,9,26,71,106,146,237,0.0578014,34221,28,182927.31,1
0,1,1,2,2,3,6,0.8384349,12356,37,101759,0
7,18,22,42,57,94,231,0.029,36981,31,164856,1
0,0,0,0,0,1,5,8.2862745,35035,40,108496.35,0
1,1,2,9,19,63,155,0,18614,30,169443.96,1
0,0,0,1,1,3,4,2.3853721,27338,37,136748,0
0,0,0,1,1,1,7,3.2572995,15069,44,100927.19,0
0,0,0,0,0,2,4,8.7450929,17870,41,143598.91,0
0,0,0,1,2,3,14,2.7180149,9005,31,105797,0
0,0,0,0,1,1,4,5.8412327,15069,44,100927.19,0
0,0,1,1,3,3,8,1.7893018,12360,42,95556,0
7,18,22,42,57,94,231,0.0306757,36981,31,164856,1
0,1,2,12,30,51,87,0.5912597,34221,28,182927.31,0
0,0,0,2,7,14,50,3.9940719,34221,28,182927.31,0
0,1,5,6,21,45,125,1.019949,11311,34,124159,1
15,16,21,59,74,130,214,0.0325576,34221,28,182927.31,1
0,0,0,0,0,0,3,11.2436824,8748,32,158305,0
0,0,0,1,2,2,6,3.3060551,3673,41,125552,0
15,16,23,59,74,129,215,0.0440454,34221,28,182927.31,1
9,9,26,73,106,147,237,0.0092195,34221,28,182927.31,1
0,0,0,0,0,1,1,7.8230429,3549,42,90300,0
7,18,22,42,57,94,231,0.0310161,36981,31,164856,1
0,0,0,0,1,1,5,5.1796328,17870,41,143598.91,0
0,0,0,1,1,1,3,4.6043458,7769,42,106839.01,0
0,0,0,0,0,2,11,7.6216796,16734,38,150821.66,0
0,0,0,1,1,1,2,3.4058773,7769,42,106839.01,0
0,0,0,0,1,1,4,6.2624552,6232,39,128184,0
7,18,22,42,57,94,231,0.0254951,36981,31,164856,1
0,0,0,0,0,0,0,24.4730464,7539,45,157492,0
0,0,0,1,1,1,6,2.492508,17870,41,143598.91,0
0,0,0,1,1,2,3,4.4294469,15069,44,100927.19,0
0,0,2,4,10,20,40,0.604331,34221,28,182927.31,0
4,4,28,63,100,146,236,0.007,34221,28,182927.31,1
0,0,0,0,1,3,10,6.8622154,11345,31,130480.48,0
15,16,23,59,74,132,214,0.0388973,34221,28,182927.31,1
0,0,2,6,19,45,175,9.0593777,6191,37,123540,1
2,5,23,73,100,150,240,0.0516236,34221,28,182927.31,1
0,3,16,34,78,140,244,1.2035169,36981,31,164856,1
0,0,0,0,0,2,3,8.832327,9450,38,96353.24,0
7,18,22,42,57,94,231,0.0288617,36981,31,164856,1
0,0,0,0,1,2,6,6.4041372,12360,42,95556,0
15,16,21,59,75,131,214,0.0410366,34221,28,182927.31,1
0,0,0,2,2,2,13,3.3734256,12346,41,117432,0
0,0,1,1,1,2,4,1.8748365,9450,38,96353.24,0
0,0,0,1,3,4,18,2.1633308,11311,34,124159,0
0,1,8,13,20,56,203,0.6904837,18614,30,169443.96,1
0,0,0,1,1,2,5,2.1931712,9450,38,96353.24,0
5,7,15,32,45,126,224,0.0296142,34221,28,182927.31,1
0,2,2,24,40,98,177,0.7128172,16734,38,150821.66,1
0,1,5,15,21,54,128,0.9165054,6232,39,128184,1
2,6,17,33,64,121,229,0.8765444,34221,28,182927.31,1
2,5,16,53,64,107,239,0.3208816,18614,30,169443.96,1
0,4,7,24,54,122,254,5.6097041,13117,41,90426.02,1
5,7,15,32,45,126,224,0.0064031,34221,28,182927.31,1
0,0,0,0,0,2,4,8.7091905,12356,37,101759,0
0,0,0,0,0,0,7,11.4424648,29708,32,152263,0
0,2,5,21,42,103,242,7.4882193,13117,41,90426.02,1
0,0,0,0,0,0,4,13.4350288,11914,38,107411.92,0
0,3,9,26,67,119,251,0.5791347,34221,28,182927.31,1
2,8,16,54,65,113,240,0.0170294,36981,31,164856,1
0,0,0,0,0,1,11,9.7878047,15069,44,100927.19,0
0,0,0,1,1,2,14,4.7693171,12210,31,131646.75,0
2,2,2,8,48,84,222,0.0694622,18614,30,169443.96,1
0,5,19,46,94,149,242,1.4761494,34221,28,182927.31,1
0,2,12,42,62,193,234,0.6504734,36981,31,164856,1
0,0,0,1,1,1,7,4.7665914,29708,32,152263,0
0,0,0,1,3,3,5,4.2720019,12356,37,101759,0
0,0,0,0,1,5,9,6.5069194,18295,36,108496.35,0
0,0,0,0,0,0,6,13.2064509,35035,40,108496.35,0
0,1,5,17,42,116,249,0.8588111,34221,28,182927.31,1
0,0,1,1,2,9,25,1.5811388,12210,31,131646.75,0
0,0,1,3,3,4,8,1.7564945,8924,42,125739.63,0
1,1,4,19,35,71,154,0.0949368,26977,23,148577.18,1
0,0,1,3,11,17,46,1.0148497,32393,30,142538.14,0
0,0,0,0,0,1,13,7.7678765,6232,39,128184,0
1,2,8,12,24,49,166,0.1297575,32393,30,142538.14,1
9,9,26,73,106,147,236,0.0349285,34221,28,182927.31,1
0,0,2,5,16,52,143,5.3310412,20434,39,126866,1
0,0,0,0,0,2,27,8.3240615,12210,31,131646.75,0
0,0,0,0,0,0,6,15.9395704,18295,36,108496.35,0
0,0,2,4,7,19,85,1.4378793,32393,30,142538.14,1
0,0,0,0,1,1,6,6.4070274,12346,41,117432,0
0,0,0,0,0,0,3,10.346497,3549,42,90300,0
1,1,2,6,32,60,121,0.0842057,11258,38,116987,1
0,1,1,5,11,23,142,4.1824829,27534,32,132468,1
0,0,0,1,1,6,28,4.5331946,6232,39,128184,0
0,1,1,8,11,21,132,0.8123733,32144,30,169577.18,1
0,0,0,1,1,2,13,3.6496575,11311,34,124159,0
0,0,0,0,1,2,11,6.7567256,11258,38,116987,0
0,0,0,0,0,0,10,10.7192011,15069,44,100927.19,0
2,2,2,9,54,77,186,0.1103857,18614,30,169443.96,1
0,0,0,0,1,1,14,6.239391,8283,36,117590.58,0
0,0,0,0,1,1,6,5.9008474,35035,40,108496.35,0
0,0,1,1,1,1,3,1.7464249,12360,42,95556,0
0,0,0,0,0,1,2,9.8716767,27338,33,137513.32,0
0,2,8,16,43,115,237,1.4540031,36981,31,164856,1
0,0,0,0,0,1,5,9.3391648,9546,34,147858.21,0
2,4,20,34,83,135,228,0.0609016,34221,28,182927.31,1
1,5,11,21,49,165,142,3.4580013,12356,37,101759,1
0,0,0,0,0,3,18,7.4970924,8748,32,158305,0
0,2,5,17,34,74,116,7.6529108,11258,38,116987,1
2,5,19,76,103,149,242,0.1182074,34221,28,182927.31,1
0,0,0,1,3,3,6,4.9648766,12360,42,95556,0
0,0,0,0,1,1,7,5.1,15069,44,100927.19,0
2,2,2,14,26,68,158,0.0133417,32393,30,142538.14,1
0,1,6,17,50,100,187,16.5061688,8779,39,102729.61,1
0,0,0,0,2,2,21,5.9093147,11311,34,124159,0
0,2,2,12,37,64,231,2.537871,34221,28,182927.31,1
0,0,0,1,1,1,4,3.4928498,3549,42,90300,0
15,16,20,59,75,131,214,0.0349857,34221,28,182927.31,1
15,16,20,59,74,130,213,0.0325576,34221,28,182927.31,1
0,0,0,0,1,3,7,5.375872,12356,37,101759,0
0,0,0,0,0,0,3,15.3006011,9809,40,146348,0
0,0,0,0,1,1,4,6.5365902,9450,38,96353.24,0
5,17,23,41,58,91,231,0.1224132,36981,31,164856,1
0,0,0,0,0,0,2,12.2800651,11914,38,107411.92,0
0,0,0,0,0,0,5,13.520355,16871,35,144796,0
0,0,0,1,1,1,1,3.6674242,7492,41,87300,0
0,1,2,3,17,36,72,1.0475198,32393,30,142538.14,1
0,0,0,1,1,3,6,4.1029757,12356,37,101759,0
15,16,19,59,74,131,213,0.0332415,34221,28,182927.31,1
0,0,0,0,0,0,4,14.4894195,7539,45,157492,0
0,0,0,0,0,1,2,8.4380092,7492,41,87300,0
0,0,0,0,1,1,4,6.1741396,15069,44,100927.19,0
3,3,3,4,4,24,77,0.0490102,6232,39,128184,1
0,0,0,0,1,2,3,5.8940648,18295,36,108496.35,0
0,1,1,2,3,5,14,0.5658357,27534,32,132468,0
1,4,9,12,24,53,168,0.6298352,32393,30,142538.14,1
0,0,0,0,0,0,6,10.7447662,12356,37,101759,0
5,10,26,63,94,141,225,0.0328024,34221,28,182927.31,1
4,4,11,51,88,131,234,0.1133181,34221,28,182927.31,1
0,0,0,2,2,3,8,3.3734256,12346,41,117432,0
1,3,15,32,45,102,225,0.1546254,34221,28,182927.31,1
0,0,0,0,0,1,5,9.4514549,3673,41,125552,0
0,0,1,8,20,48,165,8.4239932,20434,39,126866,1
0,0,0,0,0,1,4,8.5146932,11914,38,107411.92,0
6,7,10,47,77,157,245,0.01,18614,30,169443.96,1
0,0,0,0,0,0,0,20.6526027,7539,45,157492,0
0,1,2,9,24,70,176,8.4067949,12360,42,95556,1
0,0,0,0,0,2,3,7.9881162,9450,38,96353.24,0
1,2,5,17,29,62,173,0.222468,8283,36,117590.58,1
0,0,0,0,0,1,3,7.0405966,16871,35,144796,0
4,4,4,6,11,43,176,0.0198494,11311,34,124159,1
0,0,0,1,1,1,4,4.8384927,9450,38,96353.24,0
0,0,0,0,0,0,10,11.1803399,32393,30,142538.14,0
0,0,0,0,0,0,2,13.4346567,5023,39,111509.65,0
0,2,4,8,18,25,130,2.4917622,18614,30,169443.96,1
2,9,11,15,21,59,142,0.4597486,6232,39,128184,1
0,0,0,2,7,10,23,3.8705613,26977,23,148577.18,0
0,1,1,6,14,27,217,0.8166439,32144,30,169577.18,1
1,1,13,39,86,128,234,0.1219561,34221,28,182927.31,1
0,0,2,9,13,20,46,1.2585011,18614,30,169443.96,0
0,0,0,0,0,0,3,10.2002402,7769,42,106839.01,0
0,0,0,0,0,0,7,13.788033,5023,39,111509.65,0
1,2,9,22,60,87,238,0.2687043,36981,31,164856,1
0,1,2,6,17,32,89,8.1060743,6232,39,128184,1
0,0,1,7,15,35,178,19.9248588,39305,37,138248,1
0,0,0,1,1,2,8,3.110164,15069,44,100927.19,0
1,5,16,53,72,116,243,0.0359026,36981,31,164856,1
0,0,0,0,0,0,4,11.4127122,13117,41,90426.02,0
0,0,0,0,0,1,2,8.4291162,27338,33,137513.32,0
0,1,2,8,17,38,119,1.8798292,8924,42,125739.63,1
0,0,0,1,1,1,6,2.8136446,17870,41,143598.91,0
15,15,25,59,74,130,215,0.05728,34221,28,182927.31,1
0,3,8,15,35,74,134,2.0571683,7492,41,87300,1
0,0,0,0,0,0,12,11.4890211,17516,34,126162.82,0
0,0,0,0,1,3,9,5.5369581,6232,39,128184,0
7,18,22,42,57,94,231,0.0310161,36981,31,164856,1
7,18,22,42,57,94,231,0.0241661,36981,31,164856,1
0,0,0,1,1,3,7,2.7202941,12346,41,117432,0
0,0,0,0,0,0,5,10.429173,23639,42,90300,0
0,0,0,0,0,0,1,11.1892806,7769,42,106839.01,0
0,0,2,15,27,55,183,3.549974,11344,32,162709.06,1
0,0,0,1,1,1,4,2.9937283,23639,42,90300,0
0,1,5,23,32,81,162,5.0191786,12346,41,117432,1
0,0,0,0,0,1,4,8.4267674,6232,39,128184,0
6,7,10,47,77,157,245,0.0304138,18614,30,169443.96,1
1,3,24,64,104,151,246,0,34221,28,182927.31,1
0,0,0,0,1,1,4,5.2801515,6513,35,102979.26,0
2,5,23,74,100,150,240,0.0516236,34221,28,182927.31,1
0,0,0,0,1,2,8,5.4107852,17870,41,143598.91,0
0,0,2,6,12,32,67,1.3298158,32144,30,169577.18,0
2,5,19,74,102,149,242,0.0736817,34221,28,182927.31,1
6,7,11,15,25,62,160,0.0302655,6232,39,128184,1
0,0,0,1,1,2,4,4.428318,9450,38,96353.24,0
0,0,6,12,29,95,245,1.2366064,34221,28,182927.31,1
0,0,0,0,0,0,1,11.8270876,11251,41,106476,0
0,0,0,1,1,2,16,3.6055513,32393,30,142538.14,0
0,0,1,5,12,27,155,3.2886158,32393,30,142538.14,1
0,0,0,0,0,1,5,7.7826731,6232,39,128184,0
0,1,3,14,56,131,230,19.7797877,7769,42,106839.01,1
0,0,2,5,7,13,164,1.0251932,26977,23,148577.18,1
0,0,0,0,0,0,5,13.2786259,6232,39,128184,0
1,1,2,7,7,7,23,0.2741842,26977,23,148577.18,0
0,1,2,8,14,27,201,0.8166439,32144,30,169577.18,1
0,0,0,1,1,2,15,4.6097722,12210,31,131646.75,0
0,0,0,0,1,2,11,5.6008928,20434,39,126866,0
0,0,0,1,2,5,10,4.2720019,11258,38,116987,0
0,0,0,0,1,1,6,6.080296,6232,39,128184,0
0,0,0,1,1,1,3,2.7969648,9450,38,96353.24,0
0,0,4,13,67,145,234,3.0899858,7394,38,87500,1
1,3,6,15,21,30,192,0.0376563,32144,30,169577.18,1
0,0,0,7,7,9,23,2.3446204,26977,23,148577.18,0
0,0,0,0,2,2,35,5.1617648,3287,35,123131,0
4,4,11,51,90,129,234,0.01,34221,28,182927.31,1
1,1,6,27,55,163,246,0.002,23639,42,90300,1
0,0,0,1,1,1,2,3.4928498,11914,38,107411.92,0
3,4,12,15,22,57,141,0.0441475,6232,39,128184,1
0,0,0,0,2,3,6,6.4163598,8779,39,102729.61,0
0,0,0,0,0,1,3,8.0230917,16871,35,144796,0
1,4,8,14,25,45,90,0.222468,8283,36,117590.58,1
0,0,0,0,0,1,7,9.4021274,16871,35,144796,0
0,0,0,1,2,2,5,3.4481879,27338,37,136748,0
0,2,5,10,20,56,100,100000,11914,38,107411.92,1
0,0,1,1,1,1,2,1.3416408,7769,42,106839.01,0
0,0,0,1,1,2,5,3.659981,20434,39,126866,0
1,4,11,29,70,197,251,16.1012422,12356,37,101759,1
0,0,0,0,0,1,13,8.5193541,17516,34,126162.82,0
0,0,0,0,1,1,4,6.7475922,8779,39,102729.61,0
0,0,0,0,2,4,14,6.2641839,27534,32,132468,0
0,0,0,0,0,0,4,10.6569226,5023,39,111509.65,0
5,10,21,62,92,136,223,0.0181108,34221,28,182927.31,1
0,0,0,2,2,2,4,3.805576,23639,42,90300,0
0,0,0,0,0,0,8,11.2605506,12356,37,101759,0
0,0,0,0,1,3,19,6.8066144,26977,23,148577.18,0
1,2,2,8,20,78,175,0.1860242,34221,28,182927.31,1
0,4,7,24,47,82,221,1.6127758,11344,32,162709.06,1
0,1,3,7,14,39,116,7.3665527,11311,34,124159,1
0,0,0,0,1,8,19,6.0207973,11311,34,124159,0
0,0,0,0,2,4,7,5.375872,12360,42,95556,0
0,0,0,0,0,0,4,11.7408539,7394,38,87500,0
1,2,12,32,45,100,227,0.6752231,34221,28,182927.31,1
0,1,2,5,8,12,157,1.8008093,26977,23,148577.18,1
0,3,8,23,60,161,235,1.2222766,34221,28,182927.31,1
0,0,0,2,2,4,6,3.6808165,12356,37,101759,0
0,0,6,12,24,50,112,6.8067494,9005,31,105797,1
0,0,1,8,19,51,145,12.9181524,12346,41,117432,1
1,2,3,12,23,84,190,0,12210,31,131646.75,1
0,1,2,14,25,61,113,4.9621778,20434,39,126866,1
2,2,19,34,85,135,228,0.0815414,34221,28,182927.31,1
4,4,10,50,95,138,250,0.1174564,34221,28,182927.31,1
7,17,22,41,58,90,231,0.1224132,36981,31,164856,1
0,0,2,13,20,22,184,1.619105,32144,30,169577.18,1
4,4,4,18,30,64,125,0.0420595,11311,34,124159,1
0,0,1,1,2,2,5,1.9849433,8924,42,125739.63,0
0,0,0,1,1,1,5,2.1023796,35035,40,108496.35,0
0,1,1,6,24,76,154,1.1111313,27534,32,132468,1
9,10,20,62,92,136,223,0.0181108,34221,28,182927.31,1
0,5,12,34,47,125,217,0.9883562,34221,28,182927.31,1
0,0,0,0,0,0,0,21.2762779,11251,41,106476,0
0,0,6,14,48,135,203,8.4570597,23639,42,90300,1
0,1,6,18,27,93,175,1.9605145,34221,28,182927.31,1
0,0,0,0,0,1,2,9.5336247,5023,39,111509.65,0
0,0,0,0,0,0,10,11.3145923,17516,34,126162.82,0
7,10,27,62,87,136,223,0.029,34221,28,182927.31,1
0,2,6,15,89,113,204,0.6608669,34221,28,182927.31,1
0,0,0,1,1,1,4,2.8653098,9450,38,96353.24,0
0,0,0,1,1,2,5,4.8035508,6191,37,123540,0
0,2,12,28,51,95,230,1.1092323,34221,28,182927.31,1
1,1,2,10,53,97,228,0.1539094,11344,32,162709.06,1
0,0,0,0,1,1,8,5.5317267,12346,41,117432,0
0,0,0,0,1,2,2,6.685058,5023,39,111509.65,0
0,1,1,5,17,49,115,4.1127018,7820,32,103761.97,1
0,0,0,0,2,4,9,6.726812,11258,38,116987,0
1,2,9,26,70,134,249,0.0672602,34221,28,182927.31,1
0,0,0,0,1,3,17,6.9808591,8748,32,158305,0
0,5,5,7,7,10,25,0.929758,11311,34,124159,0
0,0,0,1,4,12,50,4.7155662,32144,30,169577.18,0
0,2,15,33,61,92,221,0.7123854,36981,31,164856,1
1,2,4,12,30,65,112,4.9621768,8924,42,125739.63,1
1,1,17,47,74,114,236,0.4237924,18614,30,169443.96,1
0,1,2,4,8,13,198,0.562466,12210,31,131646.75,1
0,0,0,0,2,3,11,5.4620063,3287,35,123131,0
0,0,0,0,1,1,2,6.060528,8779,39,102729.61,0
0,2,2,9,9,34,48,0.8670784,18614,30,169443.96,0
0,0,0,1,1,1,3,3.6269839,9450,38,96353.24,0
0,4,23,62,79,126,234,2.1053971,34221,28,182927.31,1
5,5,8,10,24,43,165,0.1183427,32393,30,142538.14,1
1,3,18,51,88,163,246,0,34221,28,182927.31,1
0,0,0,0,0,0,4,12.9437243,18295,36,108496.35,0
0,0,0,0,0,0,2,11.6846053,6513,35,102979.26,0
0,1,1,4,4,11,75,2.8665008,6232,39,128184,1
0,0,0,0,1,2,18,6.8732747,6232,39,128184,0
0,0,0,0,0,0,2,10.3247276,16871,35,144796,0
1,1,12,37,76,126,217,0,34221,28,182927.31,1
0,0,0,0,1,6,23,5.0447993,11311,34,124159,0
6,7,11,15,25,62,160,0.0302655,6232,39,128184,1
0,2,12,33,91,147,246,1.2035169,18614,30,169443.96,1
0,0,0,4,6,7,64,4.74624,34221,28,182927.31,0
0,3,13,39,50,86,230,1.1338152,36981,31,164856,1
0,0,0,4,4,6,12,2.7385713,27534,32,132468,0
0,0,0,1,1,1,12,2.8160256,8283,36,117590.58,0
0,0,0,0,2,3,9,6.6287254,18295,36,108496.35,0
2,2,2,4,8,33,158,0.0133417,32393,30,142538.14,1
0,1,2,4,16,39,116,4.23384,12360,42,95556,1
0,0,0,1,1,2,25,2.1922226,32144,31,167577.18,0
0,2,5,24,50,112,212,2.2107578,16734,38,150821.66,1
0,0,0,0,0,0,6,15.9815519,11914,38,107411.92,0
7,10,29,61,87,136,223,0.029,34221,28,182927.31,1
6,7,11,16,27,65,161,0.294598,6232,39,128184,1
0,1,1,4,11,67,216,1.9664043,11344,32,162709.06,1
0,0,10,32,78,134,244,1.1687578,18614,30,169443.96,1
0,0,0,0,0,0,1,18.6569364,7539,45,157492,0
0,0,1,7,21,42,91,9.0080291,32393,30,142538.14,1
0,0,0,0,0,0,6,10.800463,35035,40,108496.35,0
15,15,25,59,74,129,215,0.0278029,34221,28,182927.31,1
0,0,2,8,17,52,132,3.4745683,8283,36,117590.58,1
4,4,10,38,88,136,250,0.1049952,34221,28,182927.31,1
0,1,1,1,1,2,3,0.501011,9450,38,96353.24,0
0,2,5,12,36,78,165,9.047099,3673,41,125552,1
0,0,0,0,0,0,1,17.2838075,6513,35,102979.26,0
0,0,0,0,0,2,4,7.6550637,8924,42,125739.63,0
0,3,7,13,25,67,113,10.1656925,6232,39,128184,1
0,0,0,0,1,3,18,5.5226805,17516,34,126162.82,0
0,5,12,26,56,106,189,11.3547347,16871,35,144796,1
0,0,0,0,0,0,4,10.9772492,11914,38,107411.92,0
7,7,11,15,24,59,160,0.0806226,6232,39,128184,1
0,0,0,1,1,3,9,4.1871118,6232,39,128184,0
0,4,10,24,46,143,244,9.2098201,11345,31,130480.48,1
0,0,0,3,8,10,97,3.6001389,34221,28,182927.31,0
3,3,12,15,21,57,132,0.1700735,6232,39,128184,1
0,2,6,12,54,125,238,0.6528001,36981,31,164856,1
0,16,23,47,66,100,234,0.7166345,36981,31,164856,1
15,16,24,59,75,131,214,0.0462277,34221,28,182927.31,1
1,1,27,68,105,139,228,0.1281562,34221,28,182927.31,1
6,7,11,15,25,60,160,0.0680294,6232,39,128184,1
0,1,1,1,1,1,12,0.728011,8283,36,117590.58,0
0,0,0,0,1,1,3,5.9665736,7769,42,106839.01,0
0,0,0,0,0,1,2,9.8412398,27338,33,137513.32,0
0,0,0,0,1,2,14,5.1904137,8748,32,158305,0
0,3,5,17,30,60,132,10.3,5023,39,111509.65,1
0,0,0,0,0,0,3,10.7466274,27338,33,137513.32,0
0,2,6,8,11,29,89,5.6366133,18295,36,108496.35,1
0,1,3,9,16,21,185,0.9888503,32144,30,169577.18,1
0,0,0,1,1,1,2,2.2090722,6513,35,102979.26,0
0,0,0,1,1,3,13,4.4777226,13117,41,90426.02,0
0,2,5,22,55,119,218,0.6170519,12210,31,131646.75,1
0,0,0,0,0,1,5,8.1743501,35035,40,108496.35,0
0,3,7,16,46,80,228,1.7298873,36981,31,164856,1
1,1,4,14,30,60,163,0.0151327,8283,36,117590.58,1
9,9,26,72,106,147,237,0.0130384,34221,28,182927.31,1
0,0,0,1,1,1,1,3.748333,27338,33,137513.32,0
2,2,14,69,95,145,242,0.2397749,34221,28,182927.31,1
0,0,0,0,0,0,4,15.5020596,5023,39,111509.65,0
0,2,5,17,35,79,116,5.4711538,11311,34,124159,1
0,0,0,1,2,7,12,4.1271788,8283,36,117590.58,0
0,7,15,41,62,90,174,1.0345459,36981,31,164856,1
0,0,0,2,2,2,4,3.1677514,17870,41,143598.91,0
0,0,0,0,0,1,3,9.6046864,7492,41,87300,0
0,0,0,0,0,0,4,12.8378347,11914,38,107411.92,0
0,0,0,0,1,3,8,6.9967207,16734,38,150821.66,0
0,0,0,1,1,1,7,4.5,12360,42,95556,0
0,0,0,0,0,2,4,8.4581322,18295,36,108496.35,0
0,2,4,19,38,74,180,6.5729163,12210,31,131646.75,1
1,3,8,34,48,123,216,0,34221,28,182927.31,1
4,4,28,63,100,145,236,0.007,34221,28,182927.31,1
0,1,2,11,75,112,238,0.6528001,11344,32,162709.06,1
7,10,31,61,86,136,223,0.0332415,34221,28,182927.31,1
0,0,5,12,19,38,67,1.5104754,34221,28,182927.31,0
0,0,0,0,1,2,4,5.3712196,8779,39,102729.61,0
0,0,0,0,0,1,3,7.7472576,15069,44,100927.19,0
0,0,0,1,1,1,7,2.1023796,9546,34,147858.21,0
0,0,0,0,0,0,3,14.0388746,5023,39,111509.65,0
0,0,0,0,0,1,3,8.7321246,7492,41,87300,0
0,0,0,0,0,3,35,8.9756946,6232,39,128184,0
0,0,0,0,0,2,11,7.9611557,11345,31,130480.48,0
0,0,0,0,1,1,11,6.5436993,17516,34,126162.82,0
5,10,25,59,74,128,215,0.0278029,34221,28,182927.31,1
0,0,0,1,1,2,5,4.5177428,17870,41,143598.91,0
5,10,26,63,93,141,224,0.0648999,34221,28,182927.31,1
0,1,16,75,115,142,227,0.6352903,34221,28,182927.31,1
1,2,5,10,30,61,143,1.1658551,6513,35,102979.26,1
0,2,5,10,22,97,187,9.3430331,8924,42,125739.63,1
1,1,4,6,17,41,112,0.123,20434,39,126866,1
0,1,2,4,8,10,157,3.4384137,12210,31,131646.75,1
0,0,0,1,1,1,11,4.3664179,8283,36,117590.58,0
0,0,0,0,0,0,6,11.4127122,12356,37,101759,0
0,0,0,1,1,1,2,3.6400549,12356,37,101759,0
0,0,0,0,1,1,3,6,16871,35,144796,0
0,0,0,1,1,1,3,4.5369974,23639,42,90300,0
0,0,0,0,0,2,21,7.7194464,6232,39,128184,0
7,18,22,42,57,94,231,0.0228254,36981,31,164856,1
0,4,23,42,62,93,229,1.0345459,36981,31,164856,1
0,0,0,1,1,2,16,3.4064429,6232,39,128184,0
0,0,0,0,0,0,3,10.1861131,7769,42,106839.01,0
1,3,4,29,49,113,190,0.179,34221,28,182927.31,1
0,2,5,6,6,21,82,1.3205847,34221,28,182927.31,1
1,3,18,51,88,163,246,0,34221,28,182927.31,1
0,0,0,0,0,0,9,12.1585301,5023,39,111509.65,0
0,0,0,0,1,1,3,6.2070131,9450,38,96353.24,0
3,3,5,5,6,23,67,0.0671193,34221,28,182927.31,1
0,0,0,0,1,1,5,5.2810984,27338,37,136748,0
6,7,10,47,77,157,245,0.01,18614,30,169443.96,1
0,2,8,19,38,121,221,8.4570597,23639,42,90300,1
0,0,0,2,3,5,18,4.8020931,11311,34,124159,0
0,0,0,0,0,0,5,12.9251692,16871,35,144796,0
0,0,0,0,0,1,10,7.8445774,17516,34,126162.82,0
1,6,11,22,42,147,265,1.7797877,11914,38,107411.92,1
0,1,2,13,20,62,182,1.361903,6232,39,128184,1
2,4,20,34,82,135,228,0.0609016,34221,28,182927.31,1
0,0,0,1,1,1,3,2.3706539,15069,44,100927.19,0
0,1,1,1,1,1,3,0.6,9546,34,147858.21,0
0,0,0,0,0,1,5,7.9651122,9450,38,96353.24,0
0,0,0,0,1,1,2,6.68431,11251,41,106476,0
0,0,0,0,1,2,6,6.9231496,39305,37,138248,0
0,0,0,0,1,2,5,6.0108236,3673,41,125552,0
0,1,2,11,21,58,153,12.2472955,27534,32,132468,1
0,0,0,1,1,4,10,3.0083218,11258,38,116987,0
1,2,8,27,52,117,198,0.0949368,26977,23,148577.18,1
6,7,11,15,25,60,160,0.0680294,6232,39,128184,1
0,1,1,1,3,6,10,0.7211103,20434,39,126866,0
3,3,5,26,54,145,254,0.0671193,34221,28,182927.31,1
0,0,0,0,0,1,6,7.8790862,5023,39,111509.65,0
1,1,18,50,74,119,236,0.3354607,18614,30,169443.96,1
0,2,5,13,18,51,169,1.1531859,18614,30,169443.96,1
0,0,0,1,1,2,5,4.1288765,27338,37,136748,0
0,1,4,9,29,42,168,1.3301729,26977,23,148577.18,1
0,0,0,0,0,0,3,16.1702936,9809,40,146348,0
7,18,22,42,57,94,231,0.0254951,36981,31,164856,1
0,0,0,0,0,1,3,8.7206651,7492,41,87300,0
2,2,2,9,52,77,183,0.256632,18614,30,169443.96,1
0,2,4,16,48,142,237,1.4540031,36981,31,164856,1
0,0,0,1,2,3,7,4.0201236,11311,34,124159,0
0,1,1,2,7,29,119,9.4732301,9546,34,147858.21,1
0,4,7,16,50,106,231,9.5305482,13117,41,90426.02,1
0,0,0,1,2,2,10,4.4294469,9546,34,147858.21,0
0,0,0,0,0,0,4,12.6109368,7394,38,87500,0
0,0,0,0,1,2,5,6.6730802,8924,42,125739.63,0
0,1,7,14,21,53,197,0.6904837,18614,30,169443.96,1
0,0,0,0,0,0,3,11.5412304,11914,38,107411.92,0
0,5,10,33,64,86,214,1.0115967,36981,31,164856,1
5,7,15,32,45,126,224,0.0064031,34221,28,182927.31,1
0,0,0,3,3,5,11,3.6372755,32393,30,142538.14,0
0,6,10,20,39,82,162,4.4992125,34221,28,182927.31,1
0,0,0,0,2,2,8,6.3158215,12360,42,95556,0
1,6,12,26,49,133,237,0.002,23639,42,90300,1
0,2,9,17,65,119,250,0.5973952,34221,28,182927.31,1
0,0,0,0,0,0,1,19.8851019,7539,45,157492,0
0,0,3,6,21,45,110,21.5726679,27338,33,137513.32,1
7,7,15,32,57,126,226,0.1117587,34221,28,182927.31,1
0,0,0,0,1,1,26,6.3788714,9809,40,146348,0
0,0,0,1,1,4,13,3.8963579,9005,31,105797,0
0,0,0,0,0,1,5,8.6005814,6232,39,128184,0
0,0,0,0,1,1,3,5.8077534,8779,39,102729.61,0
0,0,0,1,1,1,14,4.6615448,8283,36,117590.58,0
0,0,0,0,0,3,6,7.3990319,8779,39,102729.61,0
0,0,0,0,0,1,5,7.4062538,11914,38,107411.92,0
0,0,0,1,1,2,7,3.088689,3673,41,125552,0
0,1,2,6,28,65,122,1.019949,11311,34,124159,1
1,2,3,9,22,80,175,0.1860242,34221,28,182927.31,1
0,0,3,3,7,10,21,1.4832141,12210,31,131646.75,0
0,0,0,2,2,3,6,2.0883295,13117,41,90426.02,0
0,4,9,36,78,141,234,4.5157843,11258,38,116987,1
0,0,0,1,1,2,18,4.4172826,12210,31,131646.75,0
0,0,0,1,2,2,5,3.51141,3673,41,125552,0
15,16,25,59,75,132,214,0.0462277,34221,28,182927.31,1
0,0,0,0,1,3,11,5.6988915,11345,31,130480.48,0
0,2,5,24,63,120,243,8.8659294,8283,36,117590.58,1
4,4,8,16,58,114,234,0.03245,11311,34,124159,1
0,1,3,12,30,84,190,5.3310412,20434,39,126866,1
0,0,0,1,1,2,7,2.1877717,23639,42,90300,0
15,16,21,59,75,131,214,0.0349857,34221,28,182927.31,1
0,0,2,9,26,42,163,1.3301729,26977,23,148577.18,1
1,4,14,25,50,96,174,5.0786644,26977,23,148577.18,1
0,0,0,0,1,2,3,5.5996116,6232,39,128184,0
3,4,12,15,22,57,141,0.0441475,6232,39,128184,1
1,1,2,14,27,57,114,0.123,20434,39,126866,1
0,0,5,10,30,83,181,2.051741,34221,28,182927.31,1
0,0,0,0,0,0,8,10.0623059,12360,42,95556,0
0,2,6,17,43,94,158,3.3942658,26977,23,148577.18,1
0,0,0,0,1,1,1,5.7140179,27338,33,137513.32,0
7,18,22,43,57,94,231,0.0349285,36981,31,164856,1
0,0,0,1,1,1,3,4.5607017,7769,42,106839.01,0
2,2,18,56,64,101,237,0.1140175,18614,30,169443.96,1
0,0,0,1,2,3,11,3.5014283,9546,34,147858.21,0
0,0,0,0,1,2,6,5.7929565,23639,42,90300,0
0,2,12,24,50,100,162,9.9830963,9450,38,96353.24,1
3,3,3,4,18,57,154,0.069029,16734,38,150821.66,1
0,0,3,15,32,89,171,2.3555655,11345,31,130480.48,1
0,0,0,0,1,2,9,6.456005,9546,34,147858.21,0
0,0,0,1,3,11,24,4.6729375,12210,31,131646.75,0
0,0,0,0,1,1,3,5.0322687,7394,38,87500,0
0,0,0,1,1,1,5,4.7168417,17870,41,143598.91,0
5,6,8,11,25,44,166,0.1309809,32393,30,142538.14,1
0,0,0,3,6,12,180,3.3424889,32144,30,169577.18,1
0,0,0,0,0,0,4,10.2215459,6513,35,102979.26,0
0,0,0,0,0,0,0,25.2414342,7539,45,157492,0
0,1,3,15,24,45,157,4.2699642,26977,23,148577.18,1
0,0,0,0,2,3,13,6.43547,11345,31,130480.48,0
3,3,3,4,18,57,154,0.069029,16734,38,150821.66,1
0,0,0,0,1,1,2,6.661081,16871,35,144796,0
0,0,0,0,2,2,4,6.4124878,15069,44,100927.19,0
4,4,11,51,89,130,234,0.0345398,34221,28,182927.31,1
0,4,8,11,23,47,134,16.0330908,8779,39,102729.61,1
0,0,0,0,0,1,5,9.7082439,8779,39,102729.61,0
0,0,0,0,0,1,3,8.1616425,23639,42,90300,0
0,0,0,0,3,3,10,5.4766115,8924,42,125739.63,0
0,2,8,21,51,123,173,4.0949093,29708,32,152263,1
0,1,8,16,32,61,125,3.6064913,8283,36,117590.58,1
0,0,0,0,0,2,6,8.4644164,23639,42,90300,0
0,9,18,37,63,137,214,1.0115967,36981,31,164856,1
4,4,28,63,99,146,236,0.0230868,34221,28,182927.31,1
0,6,8,46,65,114,237,1.1007177,36981,31,164856,1
0,0,0,1,1,1,4,4.6872167,16871,35,144796,0
0,0,0,0,2,2,25,6.0523207,26977,23,148577.18,0
0,0,0,1,1,3,8,2.884441,11311,34,124159,0
0,0,0,0,0,0,0,22.3143452,7539,45,157492,0
3,3,3,4,19,52,110,0.0451774,16734,38,150821.66,1
4,10,26,62,94,140,225,0.0328024,34221,28,182927.31,1
0,0,0,0,0,2,10,7.3756356,16871,35,144796,0
0,0,4,11,29,58,121,8.5553731,11311,34,124159,1
1,4,9,26,97,121,205,0.0659242,34221,28,182927.31,1
0,0,0,0,1,3,9,5.0566788,11311,34,124159,0
0,2,4,13,19,49,171,1.1531859,18614,30,169443.96,1
3,10,17,34,62,126,226,0.009,34221,28,182927.31,1
9,9,26,73,105,148,236,0.0178045,34221,28,182927.31,1
0,2,6,12,37,79,197,13.1575074,17516,34,126162.82,1
0,0,0,2,2,2,12,3.2533961,11311,34,124159,0
0,0,3,6,8,14,127,2.8360476,32393,30,142538.14,1
0,0,1,1,1,2,12,1.2083046,9546,34,147858.21,0
0,0,0,0,0,1,1,8.4023806,7769,42,106839.01,0
4,4,4,6,22,46,134,0.035805,11311,34,124159,1
0,0,0,0,0,0,5,10.3815387,35035,40,108496.35,0
0,0,0,0,0,1,7,8.9677199,35035,40,108496.35,0
0,3,12,20,40,62,134,3.5676272,6513,35,102979.26,1
5,6,9,12,25,44,166,0.1309809,32393,30,142538.14,1
0,0,0,0,1,3,10,5.7428216,12346,41,117432,0
0,0,0,1,1,2,14,3.4997694,12210,31,131646.75,0
0,0,0,1,1,2,9,4.7,8924,42,125739.63,0
0,0,9,16,30,68,198,15.6524758,16734,38,150821.66,1
1,6,15,31,59,162,215,7.1867143,29708,32,152263,1
0,1,4,10,27,107,234,0.8497189,36981,31,164856,1
1,2,9,26,71,134,250,0.0672602,34221,28,182927.31,1
0,0,0,0,1,4,16,6.239391,20434,39,126866,0
0,0,0,0,2,6,12,5.1478151,11345,31,130480.48,0
8,10,24,62,91,136,223,0.0242074,34221,28,182927.31,1
0,0,1,4,8,14,173,6.188938,32144,30,169577.18,1
0,2,2,2,9,24,97,0.8491137,6232,39,128184,1
0,0,0,1,1,2,4,3.8078866,7394,38,87500,0
3,3,3,4,16,32,112,0.0451774,16734,38,150821.66,1
0,0,0,1,1,1,4,4.3011626,7820,32,103761.97,0
6,7,19,47,77,156,245,0.0349285,18614,30,169443.96,1
0,1,5,17,49,95,220,1.1111313,27534,32,132468,1
0,0,0,1,2,2,4,2.3537205,8924,42,125739.63,0
0,0,4,4,18,40,96,1.2464253,18614,30,169443.96,0
0,0,0,1,1,2,16,2.4166092,6191,37,123540,0
0,0,0,0,0,1,7,8.7847935,17870,41,143598.91,0
4,4,10,47,95,138,248,0.0629365,34221,28,182927.31,1
0,0,0,0,2,2,5,6.8203247,23639,42,90300,0
0,0,0,0,0,1,4,8.605231,27338,33,137513.32,0
0,0,0,0,0,5,9,8.6539009,16734,38,150821.66,0
4,4,28,63,100,145,237,0.0355106,34221,28,182927.31,1
0,0,0,1,2,5,15,3.3057461,27534,32,132468,0
0,0,0,1,1,2,4,3.176476,5023,39,111509.65,0
0,1,1,4,9,23,36,0.5910135,18614,30,169443.96,0
0,2,7,13,59,138,145,3.4580013,12356,37,101759,1
0,0,0,0,0,1,9,9.3059121,12346,41,117432,0
0,0,0,0,2,3,5,5.3935146,27338,37,136748,0
0,0,0,1,1,3,9,3.5468296,11311,34,124159,0
0,0,0,1,1,3,8,3.1906112,12346,41,117432,0
0,0,2,2,6,24,60,1.3656475,36981,31,164856,0
0,2,8,11,22,47,178,9.5131488,9546,34,147858.21,1
7,10,26,63,94,141,225,0.0370135,34221,28,182927.31,1
2,2,2,4,17,31,158,0.0440114,32393,30,142538.14,1
1,1,1,1,1,4,18,0.2828427,11311,34,124159,0
0,0,0,0,2,5,8,5.6891963,12346,41,117432,0
0,2,7,18,27,62,164,3.2391859,8283,36,117590.58,1
0,0,0,0,0,4,10,9.0921208,16734,38,150821.66,0
5,5,8,10,25,44,165,0.058,32393,30,142538.14,1
0,1,3,8,19,39,111,2.4390514,8283,36,117590.58,1
0,0,0,0,2,3,17,6.3655322,11311,34,124159,0
1,2,8,12,24,47,166,0.1297575,32393,30,142538.14,1
0,0,0,0,1,1,5,6.0373835,12356,37,101759,0
1,2,2,4,8,25,100,0.0554437,6232,39,128184,1
0,2,7,14,61,123,215,11.0814469,11258,38,116987,1
0,2,4,14,28,68,176,1.5676272,6513,35,102979.26,1
0,0,0,0,0,0,3,17.5764005,5023,39,111509.65,0
1,4,21,48,60,98,232,0.127059,36981,31,164856,1
0,1,3,5,7,46,93,0.9015281,34221,28,182927.31,0
0,0,0,2,2,4,14,3.2004201,27534,32,132468,0
0,0,0,0,0,0,6,16.643317,11914,38,107411.92,0
0,2,4,8,17,41,115,5.6366133,18295,36,108496.35,1
0,0,0,1,1,2,4,5,17870,41,143598.91,0
0,1,2,21,32,71,178,1.695955,32393,30,142538.14,1
0,0,0,1,1,5,13,4.769169,8283,36,117590.58,0
7,18,22,42,57,94,231,0.0291204,36981,31,164856,1
1,1,6,15,50,109,214,0.0178045,17870,41,143598.91,1
1,1,1,3,8,16,39,0.1970913,18295,36,108496.35,1
0,0,0,2,2,7,32,2.0046371,29708,32,152263,0
0,2,9,16,35,77,178,4.7010637,12346,41,117432,1
0,0,0,0,0,0,3,11.808895,3549,42,90300,0
0,3,9,24,36,89,212,9.1127018,7820,32,103761.97,1
3,3,12,14,21,57,128,0.1700735,6232,39,128184,1
1,2,4,8,11,21,132,0.3518273,16734,38,150821.66,1
0,0,0,0,0,1,6,9.9824847,12356,37,101759,0
0,0,0,0,0,1,3,8.4528102,7492,41,87300,0
0,0,0,1,2,4,8,4.6238512,12346,41,117432,0
0,0,0,1,1,3,11,2.6925824,9005,31,105797,0
0,0,1,4,11,25,45,1.7386443,18614,30,169443.96,0
4,4,10,43,91,138,249,0.010198,34221,28,182927.31,1
1,5,24,30,48,110,190,0.179,34221,28,182927.31,1
7,18,22,42,57,94,231,0.0228254,36981,31,164856,1
0,0,0,1,1,7,27,2.7389511,6232,39,128184,0
0,0,0,0,0,1,4,8.2793928,35035,40,108496.35,0
6,7,10,47,77,157,245,0.0304138,18614,30,169443.96,1
0,0,0,0,0,1,1,9.6166522,11251,41,106476,0
1,1,17,48,68,112,234,0.4237924,18614,30,169443.96,1
0,0,4,23,45,87,204,1.4096006,34221,28,182927.31,1
2,7,25,54,65,113,240,0.0170294,36981,31,164856,1
0,1,19,42,69,159,246,0.9425038,18614,30,169443.96,1
8,10,24,62,88,136,223,0.0242074,34221,28,182927.31,1
2,2,2,8,49,83,222,0.061327,18614,30,169443.96,1
0,0,0,0,0,1,6,9.377633,18295,36,108496.35,0
1,1,1,1,4,15,40,0.1970913,18295,36,108496.35,1
0,0,0,0,0,0,6,13.1112129,6232,39,128184,0
0,0,0,0,0,1,13,9.1197226,11258,38,116987,0
0,0,1,1,1,2,9,1.1045361,9546,34,147858.21,0
0,0,0,1,1,4,12,2.9529646,12346,41,117432,0
1,3,9,18,36,87,187,1.4012195,12360,42,95556,1
0,0,0,1,3,9,50,3.0810006,32144,31,167577.18,0
0,0,0,1,1,2,5,3.9204592,20434,39,126866,0
1,2,3,15,30,81,117,0.3518273,16734,38,150821.66,1
0,0,0,0,0,2,13,7.1063352,17516,34,126162.82,0
0,0,3,13,26,76,109,12.7882759,15069,44,100927.19,1
0,0,0,0,1,5,19,6.977822,9809,40,146348,0
1,2,2,6,20,30,40,0.1269055,34221,28,182927.31,0
9,9,26,73,106,147,237,0.0092195,34221,28,182927.31,1
4,4,4,16,31,78,143,0.0198494,11311,34,124159,1
0,0,0,0,0,3,13,9.8013724,8283,36,117590.58,0
0,0,0,0,0,1,5,7.0092796,8924,42,125739.63,0
0,0,0,0,2,2,6,5.661875,23639,42,90300,0
0,0,0,0,0,0,4,13.2702573,7394,38,87500,0
3,3,3,4,4,24,77,0.119365,6232,39,128184,1
0,0,0,0,0,0,2,11.574541,16871,35,144796,0
0,8,10,40,89,154,245,0.7684335,18614,30,169443.96,1
1,3,6,18,35,61,132,5.5739661,27534,32,132468,1
0,0,0,1,1,1,20,3.4481879,9809,40,146348,0
1,4,10,20,41,81,174,5.0191786,12346,41,117432,1
0,0,1,1,1,1,4,1.9313208,8924,42,125739.63,0
0,0,0,0,0,3,14,7.3164199,8283,36,117590.58,0
0,0,4,7,14,24,119,5.4037024,20434,39,126866,1
0,1,2,5,9,14,143,5.3888742,32393,30,142538.14,1
0,0,0,0,0,1,5,7.2034714,27338,37,136748,0
0,0,0,0,1,3,5,6.0827625,11258,38,116987,0
0,1,4,6,12,48,169,10.1833197,27338,37,136748,1
0,2,7,15,31,89,189,12.4257797,9546,34,147858.21,1
2,5,23,70,101,150,240,0.102,34221,28,182927.31,1
0,0,0,1,1,1,4,4.428318,17870,41,143598.91,0
0,0,1,1,1,4,12,1.5,13117,41,90426.02,0
0,0,0,0,0,0,1,18.4762355,7539,45,157492,0
0,0,0,0,1,3,15,6.7119297,17516,34,126162.82,0
0,0,0,0,0,0,4,12.5936492,11914,38,107411.92,0
0,0,0,1,1,1,4,3.0805844,27338,37,136748,0
1,1,9,47,79,119,237,0.3354607,18614,30,169443.96,1
0,8,25,78,107,138,225,0.9828953,34221,28,182927.31,1
4,4,10,45,92,138,249,0.010198,34221,28,182927.31,1
0,0,0,0,1,2,23,6.7569115,6232,39,128184,0
4,4,28,63,100,146,236,0.0230868,34221,28,182927.31,1
1,1,9,28,53,96,228,0.1539094,11344,32,162709.06,1
0,0,0,2,6,11,20,2.4462921,12210,31,131646.75,0
0,0,0,0,0,0,0,20.5543183,11251,41,106476,0
0,0,0,0,0,1,5,9.3972653,11914,38,107411.92,0
1,2,7,24,97,121,205,0.0659242,34221,28,182927.31,1
0,2,5,8,22,59,176,4.1824829,11258,38,116987,1
0,0,0,0,0,1,2,8.1024688,7492,41,87300,0
9,9,26,72,106,147,237,0.0161555,34221,28,182927.31,1
0,0,0,2,2,3,3,4.0396348,17870,41,143598.91,0
0,0,2,3,14,26,90,1.0475198,32393,30,142538.14,1
1,3,24,64,104,151,246,0,34221,28,182927.31,1
0,0,0,12,20,34,70,2.6541307,32144,30,169577.18,0
2,2,18,46,73,124,212,0.1024207,34221,28,182927.31,1
4,4,11,51,89,129,234,0.01,34221,28,182927.31,1
0,0,0,0,0,1,5,7.184706,35035,40,108496.35,0
9,9,26,73,105,148,236,0.0178045,34221,28,182927.31,1
0,0,0,0,1,2,12,6.9310894,16734,38,150821.66,0
0,0,0,1,1,2,7,3.7947332,11258,38,116987,0
0,1,1,5,10,49,190,14.8872386,35035,40,108496.35,1
0,0,0,0,0,2,6,9.5097701,7394,38,87500,0
9,9,26,73,105,148,236,0.0453542,34221,28,182927.31,1
0,0,0,0,0,1,9,9.5,12360,42,95556,0
0,0,0,0,0,1,10,7.3941937,6191,37,123540,0
0,0,0,0,1,1,8,6.4124878,15069,44,100927.19,0
0,0,0,0,0,1,4,9.8488578,17870,41,143598.91,0
0,0,0,1,4,18,37,3.8174088,32144,31,167577.18,0
0,0,0,1,3,4,12,4.5387982,11258,38,116987,0
0,5,11,21,70,116,237,1.5260227,18614,30,169443.96,1
0,0,0,0,0,0,3,13.7277092,27338,33,137513.32,0
0,0,0,1,2,2,7,4.973932,8924,42,125739.63,0
1,1,26,67,105,140,229,0.1281562,34221,28,182927.31,1
0,0,0,1,1,1,14,4.9819675,17516,34,126162.82,0
0,0,0,0,0,1,6,8.6034877,9546,34,147858.21,0
0,0,0,1,1,1,4,4.1012193,35035,40,108496.35,0
1,5,16,53,74,116,243,0.0359026,36981,31,164856,1
1,1,1,1,1,4,12,0.4445278,8283,36,117590.58,0
0,0,0,1,1,1,3,2.6570149,7394,38,87500,0
0,2,3,11,27,98,179,0.909121,34221,28,182927.31,1
0,0,0,1,2,3,6,4.3289722,18295,36,108496.35,0
0,2,12,33,59,92,221,0.7123854,18614,30,169443.96,1
0,5,12,25,51,123,167,4.2118179,12356,37,101759,1
0,0,0,0,2,3,6,6.4003083,11258,38,116987,0
1,1,12,39,86,128,234,0.1219561,34221,28,182927.31,1
0,0,0,0,0,1,4,9.0409297,3549,42,90300,0
7,18,22,42,57,94,231,0.0241661,36981,31,164856,1
0,0,0,1,1,1,5,4.6065171,35035,40,108496.35,0
0,0,0,0,6,12,121,5.6261817,32393,30,142538.14,0
0,0,0,1,2,2,4,2.3885393,15069,44,100927.19,0
0,0,2,12,22,46,130,7.6812942,32144,31,167577.18,1
0,0,2,24,40,88,190,4.7010637,12346,41,117432,1
0,3,6,24,50,115,220,12.4257797,9546,34,147858.21,1
1,2,2,4,8,25,100,0.0554437,6232,39,128184,1
1,6,22,47,61,95,232,0.127059,36981,31,164856,1
0,0,0,1,1,1,2,3.6878178,11914,38,107411.92,0
4,4,11,51,89,130,234,0.0345398,34221,28,182927.31,1
1,3,8,34,48,123,216,0,34221,28,182927.31,1
0,0,0,0,1,1,5,5.6222771,17870,41,143598.91,0
0,0,0,0,1,3,9,6.4676083,32393,30,142538.14,0
0,0,0,1,1,1,5,4.8259714,27338,37,136748,0
0,5,12,24,54,126,287,11.4752189,17870,41,143598.91,1
0,2,8,17,35,71,147,9.2098201,12210,31,131646.75,1
0,2,6,13,16,58,150,1.361903,6232,39,128184,1
7,18,23,42,57,94,231,0.0288617,36981,31,164856,1
0,0,0,0,0,1,10,7.6400262,6232,39,128184,0
0,0,0,0,0,1,9,9.8020406,32393,30,142538.14,0
7,7,15,33,60,126,226,0.1117587,34221,28,182927.31,1
0,0,0,0,1,1,3,6.060528,3673,41,125552,0
0,0,0,2,2,2,7,3.2896311,23639,42,90300,0
0,0,0,1,1,1,5,3.6616458,23639,42,90300,0
0,4,7,11,25,50,190,11.8139748,8924,42,125739.63,1
0,1,2,5,23,67,172,10.1656925,6232,39,128184,1
0,0,19,33,60,113,206,1.4096006,34221,28,182927.31,1
0,0,0,1,1,4,11,2.9154759,20434,39,126866,0
0,0,0,0,1,1,3,5.1413482,20434,39,126866,0
15,16,23,59,74,131,214,0.0374833,34221,28,182927.31,1
0,0,0,0,0,0,3,10.9825495,29708,32,152263,0
6,7,9,47,77,157,245,0.032,18614,30,169443.96,1
0,1,1,5,18,31,97,11.9,15069,44,100927.19,1
0,0,0,0,1,1,5,6.1983869,17516,34,126162.82,0
0,0,0,0,1,1,6,6.4031242,16871,35,144796,0
0,2,5,23,41,87,165,12.2472955,27534,32,132468,1
2,5,18,76,103,149,242,0.0736817,34221,28,182927.31,1
0,0,0,1,1,4,15,4.580393,11311,34,124159,0
3,3,5,14,30,67,134,0.0783135,34221,28,182927.31,1
0,0,2,2,3,3,8,1.6323094,11258,38,116987,0
7,7,11,15,24,59,160,0.0806226,6232,39,128184,1
0,0,1,9,12,38,112,2.8812653,8283,36,117590.58,1
1,1,2,9,19,63,155,0,18614,30,169443.96,1
0,0,0,1,2,4,9,2.2022716,11258,38,116987,0
2,2,24,70,94,144,243,0.1718197,34221,28,182927.31,1
